Year,Land der Staatsangehörigkeit,Kategorie,Value
WS 2005/06,China,Ausländische Studierende (Insgesamt),3080
WS 2005/06,Türkei,Ausländische Studierende (Insgesamt),1141
WS 2005/06,Syrien Arab. Republik,Ausländische Studierende (Insgesamt),156
WS 2005/06,Indien,Ausländische Studierende (Insgesamt),284
WS 2005/06,Iran Islamische Republik,Ausländische Studierende (Insgesamt),365
WS 2005/06,Staaten insgesamt,Ausländische Studierende (Insgesamt),17028
WS 2010/11,China,Ausländische Studierende (Insgesamt),2391
WS 2010/11,Türkei,Ausländische Studierende (Insgesamt),1229
WS 2010/11,Syrien Arab. Republik,Ausländische Studierende (Insgesamt),205
WS 2010/11,Indien,Ausländische Studierende (Insgesamt),279
WS 2010/11,Iran Islamische Republik,Ausländische Studierende (Insgesamt),473
WS 2010/11,Staaten insgesamt,Ausländische Studierende (Insgesamt),14839
WS 2015/16,China,Ausländische Studierende (Insgesamt),3365
WS 2015/16,Türkei,Ausländische Studierende (Insgesamt),1870
WS 2015/16,Syrien Arab. Republik,Ausländische Studierende (Insgesamt),416
WS 2015/16,Indien,Ausländische Studierende (Insgesamt),642
WS 2015/16,Iran Islamische Republik,Ausländische Studierende (Insgesamt),678
WS 2015/16,Staaten insgesamt,Ausländische Studierende (Insgesamt),19213
WS 2016/17,China,Ausländische Studierende (Insgesamt),3608
WS 2016/17,Türkei,Ausländische Studierende (Insgesamt),1954
WS 2016/17,Syrien Arab. Republik,Ausländische Studierende (Insgesamt),559
WS 2016/17,Indien,Ausländische Studierende (Insgesamt),709
WS 2016/17,Iran Islamische Republik,Ausländische Studierende (Insgesamt),737
WS 2016/17,Staaten insgesamt,Ausländische Studierende (Insgesamt),20591
WS 2017/18,China,Ausländische Studierende (Insgesamt),4027
WS 2017/18,Türkei,Ausländische Studierende (Insgesamt),2041
WS 2017/18,Syrien Arab. Republik,Ausländische Studierende (Insgesamt),884
WS 2017/18,Indien,Ausländische Studierende (Insgesamt),840
WS 2017/18,Iran Islamische Republik,Ausländische Studierende (Insgesamt),810
WS 2017/18,Staaten insgesamt,Ausländische Studierende (Insgesamt),22202
WS 2018/19,China,Ausländische Studierende (Insgesamt),4335
WS 2018/19,Türkei,Ausländische Studierende (Insgesamt),2015
WS 2018/19,Syrien Arab. Republik,Ausländische Studierende (Insgesamt),1267
WS 2018/19,Indien,Ausländische Studierende (Insgesamt),1063
WS 2018/19,Iran Islamische Republik,Ausländische Studierende (Insgesamt),930
WS 2018/19,Staaten insgesamt,Ausländische Studierende (Insgesamt),23707
WS 2019/20,China,Ausländische Studierende (Insgesamt),4413
WS 2019/20,Türkei,Ausländische Studierende (Insgesamt),1999
WS 2019/20,Syrien Arab. Republik,Ausländische Studierende (Insgesamt),1593
WS 2019/20,Indien,Ausländische Studierende (Insgesamt),1338
WS 2019/20,Iran Islamische Republik,Ausländische Studierende (Insgesamt),1032
WS 2019/20,Staaten insgesamt,Ausländische Studierende (Insgesamt),25077
WS 2020/21,China,Ausländische Studierende (Insgesamt),4286
WS 2020/21,Türkei,Ausländische Studierende (Insgesamt),1919
WS 2020/21,Syrien Arab. Republik,Ausländische Studierende (Insgesamt),1751
WS 2020/21,Indien,Ausländische Studierende (Insgesamt),1502
WS 2020/21,Iran Islamische Republik,Ausländische Studierende (Insgesamt),1124
WS 2020/21,Staaten insgesamt,Ausländische Studierende (Insgesamt),25111
WS 2005/06,China,Ausländische Studierende (Männer),1700
WS 2005/06,Türkei,Ausländische Studierende (Männer),735
WS 2005/06,Syrien Arab. Republik,Ausländische Studierende (Männer),121
WS 2005/06,Indien,Ausländische Studierende (Männer),218
WS 2005/06,Iran Islamische Republik,Ausländische Studierende (Männer),205
WS 2005/06,Staaten insgesamt,Ausländische Studierende (Männer),8800
WS 2010/11,China,Ausländische Studierende (Männer),1339
WS 2010/11,Türkei,Ausländische Studierende (Männer),692
WS 2010/11,Syrien Arab. Republik,Ausländische Studierende (Männer),148
WS 2010/11,Indien,Ausländische Studierende (Männer),185
WS 2010/11,Iran Islamische Republik,Ausländische Studierende (Männer),266
WS 2010/11,Staaten insgesamt,Ausländische Studierende (Männer),7678
WS 2015/16,China,Ausländische Studierende (Männer),1893
WS 2015/16,Türkei,Ausländische Studierende (Männer),943
WS 2015/16,Syrien Arab. Republik,Ausländische Studierende (Männer),306
WS 2015/16,Indien,Ausländische Studierende (Männer),439
WS 2015/16,Iran Islamische Republik,Ausländische Studierende (Männer),361
WS 2015/16,Staaten insgesamt,Ausländische Studierende (Männer),10249
WS 2016/17,China,Ausländische Studierende (Männer),1992
WS 2016/17,Türkei,Ausländische Studierende (Männer),966
WS 2016/17,Syrien Arab. Republik,Ausländische Studierende (Männer),432
WS 2016/17,Indien,Ausländische Studierende (Männer),498
WS 2016/17,Iran Islamische Republik,Ausländische Studierende (Männer),378
WS 2016/17,Staaten insgesamt,Ausländische Studierende (Männer),11163
WS 2017/18,China,Ausländische Studierende (Männer),2287
WS 2017/18,Türkei,Ausländische Studierende (Männer),1018
WS 2017/18,Syrien Arab. Republik,Ausländische Studierende (Männer),703
WS 2017/18,Indien,Ausländische Studierende (Männer),612
WS 2017/18,Iran Islamische Republik,Ausländische Studierende (Männer),413
WS 2017/18,Staaten insgesamt,Ausländische Studierende (Männer),12237
WS 2018/19,China,Ausländische Studierende (Männer),2499
WS 2018/19,Türkei,Ausländische Studierende (Männer),1017
WS 2018/19,Syrien Arab. Republik,Ausländische Studierende (Männer),1006
WS 2018/19,Indien,Ausländische Studierende (Männer),814
WS 2018/19,Iran Islamische Republik,Ausländische Studierende (Männer),491
WS 2018/19,Staaten insgesamt,Ausländische Studierende (Männer),13360
WS 2019/20,China,Ausländische Studierende (Männer),2563
WS 2019/20,Türkei,Ausländische Studierende (Männer),1000
WS 2019/20,Syrien Arab. Republik,Ausländische Studierende (Männer),1237
WS 2019/20,Indien,Ausländische Studierende (Männer),1008
WS 2019/20,Iran Islamische Republik,Ausländische Studierende (Männer),548
WS 2019/20,Staaten insgesamt,Ausländische Studierende (Männer),14266
WS 2020/21,China,Ausländische Studierende (Männer),2523
WS 2020/21,Türkei,Ausländische Studierende (Männer),979
WS 2020/21,Syrien Arab. Republik,Ausländische Studierende (Männer),1336
WS 2020/21,Indien,Ausländische Studierende (Männer),1080
WS 2020/21,Iran Islamische Republik,Ausländische Studierende (Männer),586
WS 2020/21,Staaten insgesamt,Ausländische Studierende (Männer),14481
WS 2005/06,China,Ausländische Studierende (Frauen),1380
WS 2005/06,Türkei,Ausländische Studierende (Frauen),406
WS 2005/06,Syrien Arab. Republik,Ausländische Studierende (Frauen),35
WS 2005/06,Indien,Ausländische Studierende (Frauen),66
WS 2005/06,Iran Islamische Republik,Ausländische Studierende (Frauen),160
WS 2005/06,Staaten insgesamt,Ausländische Studierende (Frauen),8228
WS 2010/11,China,Ausländische Studierende (Frauen),1052
WS 2010/11,Türkei,Ausländische Studierende (Frauen),537
WS 2010/11,Syrien Arab. Republik,Ausländische Studierende (Frauen),57
WS 2010/11,Indien,Ausländische Studierende (Frauen),94
WS 2010/11,Iran Islamische Republik,Ausländische Studierende (Frauen),207
WS 2010/11,Staaten insgesamt,Ausländische Studierende (Frauen),7161
WS 2015/16,China,Ausländische Studierende (Frauen),1472
WS 2015/16,Türkei,Ausländische Studierende (Frauen),927
WS 2015/16,Syrien Arab. Republik,Ausländische Studierende (Frauen),110
WS 2015/16,Indien,Ausländische Studierende (Frauen),203
WS 2015/16,Iran Islamische Republik,Ausländische Studierende (Frauen),317
WS 2015/16,Staaten insgesamt,Ausländische Studierende (Frauen),8964
WS 2016/17,China,Ausländische Studierende (Frauen),1616
WS 2016/17,Türkei,Ausländische Studierende (Frauen),988
WS 2016/17,Syrien Arab. Republik,Ausländische Studierende (Frauen),127
WS 2016/17,Indien,Ausländische Studierende (Frauen),211
WS 2016/17,Iran Islamische Republik,Ausländische Studierende (Frauen),359
WS 2016/17,Staaten insgesamt,Ausländische Studierende (Frauen),9428
WS 2017/18,China,Ausländische Studierende (Frauen),1740
WS 2017/18,Türkei,Ausländische Studierende (Frauen),1023
WS 2017/18,Syrien Arab. Republik,Ausländische Studierende (Frauen),181
WS 2017/18,Indien,Ausländische Studierende (Frauen),228
WS 2017/18,Iran Islamische Republik,Ausländische Studierende (Frauen),397
WS 2017/18,Staaten insgesamt,Ausländische Studierende (Frauen),9965
WS 2018/19,China,Ausländische Studierende (Frauen),1836
WS 2018/19,Türkei,Ausländische Studierende (Frauen),998
WS 2018/19,Syrien Arab. Republik,Ausländische Studierende (Frauen),261
WS 2018/19,Indien,Ausländische Studierende (Frauen),249
WS 2018/19,Iran Islamische Republik,Ausländische Studierende (Frauen),439
WS 2018/19,Staaten insgesamt,Ausländische Studierende (Frauen),10347
WS 2019/20,China,Ausländische Studierende (Frauen),1850
WS 2019/20,Türkei,Ausländische Studierende (Frauen),999
WS 2019/20,Syrien Arab. Republik,Ausländische Studierende (Frauen),356
WS 2019/20,Indien,Ausländische Studierende (Frauen),330
WS 2019/20,Iran Islamische Republik,Ausländische Studierende (Frauen),484
WS 2019/20,Staaten insgesamt,Ausländische Studierende (Frauen),10811
WS 2020/21,China,Ausländische Studierende (Frauen),1763
WS 2020/21,Türkei,Ausländische Studierende (Frauen),940
WS 2020/21,Syrien Arab. Republik,Ausländische Studierende (Frauen),415
WS 2020/21,Indien,Ausländische Studierende (Frauen),422
WS 2020/21,Iran Islamische Republik,Ausländische Studierende (Frauen),538
WS 2020/21,Staaten insgesamt,Ausländische Studierende (Frauen),10630
WS 2005/06,China,Bildungsausländerinnen und Bildungsausländer (Insgesamt),2967
WS 2005/06,Türkei,Bildungsausländerinnen und Bildungsausländer (Insgesamt),455
WS 2005/06,Syrien Arab. Republik,Bildungsausländerinnen und Bildungsausländer (Insgesamt),149
WS 2005/06,Indien,Bildungsausländerinnen und Bildungsausländer (Insgesamt),270
WS 2005/06,Iran Islamische Republik,Bildungsausländerinnen und Bildungsausländer (Insgesamt),242
WS 2005/06,Staaten insgesamt,Bildungsausländerinnen und Bildungsausländer (Insgesamt),14089
WS 2010/11,China,Bildungsausländerinnen und Bildungsausländer (Insgesamt),2297
WS 2010/11,Türkei,Bildungsausländerinnen und Bildungsausländer (Insgesamt),452
WS 2010/11,Syrien Arab. Republik,Bildungsausländerinnen und Bildungsausländer (Insgesamt),183
WS 2010/11,Indien,Bildungsausländerinnen und Bildungsausländer (Insgesamt),273
WS 2010/11,Iran Islamische Republik,Bildungsausländerinnen und Bildungsausländer (Insgesamt),382
WS 2010/11,Staaten insgesamt,Bildungsausländerinnen und Bildungsausländer (Insgesamt),11784
WS 2015/16,China,Bildungsausländerinnen und Bildungsausländer (Insgesamt),3116
WS 2015/16,Türkei,Bildungsausländerinnen und Bildungsausländer (Insgesamt),461
WS 2015/16,Syrien Arab. Republik,Bildungsausländerinnen und Bildungsausländer (Insgesamt),364
WS 2015/16,Indien,Bildungsausländerinnen und Bildungsausländer (Insgesamt),630
WS 2015/16,Iran Islamische Republik,Bildungsausländerinnen und Bildungsausländer (Insgesamt),593
WS 2015/16,Staaten insgesamt,Bildungsausländerinnen und Bildungsausländer (Insgesamt),14735
WS 2016/17,China,Bildungsausländerinnen und Bildungsausländer (Insgesamt),3422
WS 2016/17,Türkei,Bildungsausländerinnen und Bildungsausländer (Insgesamt),438
WS 2016/17,Syrien Arab. Republik,Bildungsausländerinnen und Bildungsausländer (Insgesamt),501
WS 2016/17,Indien,Bildungsausländerinnen und Bildungsausländer (Insgesamt),701
WS 2016/17,Iran Islamische Republik,Bildungsausländerinnen und Bildungsausländer (Insgesamt),670
WS 2016/17,Staaten insgesamt,Bildungsausländerinnen und Bildungsausländer (Insgesamt),16036
WS 2017/18,China,Bildungsausländerinnen und Bildungsausländer (Insgesamt),3859
WS 2017/18,Türkei,Bildungsausländerinnen und Bildungsausländer (Insgesamt),474
WS 2017/18,Syrien Arab. Republik,Bildungsausländerinnen und Bildungsausländer (Insgesamt),818
WS 2017/18,Indien,Bildungsausländerinnen und Bildungsausländer (Insgesamt),832
WS 2017/18,Iran Islamische Republik,Bildungsausländerinnen und Bildungsausländer (Insgesamt),750
WS 2017/18,Staaten insgesamt,Bildungsausländerinnen und Bildungsausländer (Insgesamt),17717
WS 2018/19,China,Bildungsausländerinnen und Bildungsausländer (Insgesamt),4179
WS 2018/19,Türkei,Bildungsausländerinnen und Bildungsausländer (Insgesamt),466
WS 2018/19,Syrien Arab. Republik,Bildungsausländerinnen und Bildungsausländer (Insgesamt),1168
WS 2018/19,Indien,Bildungsausländerinnen und Bildungsausländer (Insgesamt),1057
WS 2018/19,Iran Islamische Republik,Bildungsausländerinnen und Bildungsausländer (Insgesamt),865
WS 2018/19,Staaten insgesamt,Bildungsausländerinnen und Bildungsausländer (Insgesamt),19186
WS 2019/20,China,Bildungsausländerinnen und Bildungsausländer (Insgesamt),4258
WS 2019/20,Türkei,Bildungsausländerinnen und Bildungsausländer (Insgesamt),518
WS 2019/20,Syrien Arab. Republik,Bildungsausländerinnen und Bildungsausländer (Insgesamt),1457
WS 2019/20,Indien,Bildungsausländerinnen und Bildungsausländer (Insgesamt),1334
WS 2019/20,Iran Islamische Republik,Bildungsausländerinnen und Bildungsausländer (Insgesamt),974
WS 2019/20,Staaten insgesamt,Bildungsausländerinnen und Bildungsausländer (Insgesamt),20594
WS 2020/21,China,Bildungsausländerinnen und Bildungsausländer (Insgesamt),4157
WS 2020/21,Türkei,Bildungsausländerinnen und Bildungsausländer (Insgesamt),518
WS 2020/21,Syrien Arab. Republik,Bildungsausländerinnen und Bildungsausländer (Insgesamt),1528
WS 2020/21,Indien,Bildungsausländerinnen und Bildungsausländer (Insgesamt),1493
WS 2020/21,Iran Islamische Republik,Bildungsausländerinnen und Bildungsausländer (Insgesamt),1062
WS 2020/21,Staaten insgesamt,Bildungsausländerinnen und Bildungsausländer (Insgesamt),20647
WS 2005/06,China,Bildungsausländerinnen und Bildungsausländer (Männer),1636
WS 2005/06,Türkei,Bildungsausländerinnen und Bildungsausländer (Männer),332
WS 2005/06,Syrien Arab. Republik,Bildungsausländerinnen und Bildungsausländer (Männer),118
WS 2005/06,Indien,Bildungsausländerinnen und Bildungsausländer (Männer),208
WS 2005/06,Iran Islamische Republik,Bildungsausländerinnen und Bildungsausländer (Männer),128
WS 2005/06,Staaten insgesamt,Bildungsausländerinnen und Bildungsausländer (Männer),7164
WS 2010/11,China,Bildungsausländerinnen und Bildungsausländer (Männer),1284
WS 2010/11,Türkei,Bildungsausländerinnen und Bildungsausländer (Männer),295
WS 2010/11,Syrien Arab. Republik,Bildungsausländerinnen und Bildungsausländer (Männer),134
WS 2010/11,Indien,Bildungsausländerinnen und Bildungsausländer (Männer),180
WS 2010/11,Iran Islamische Republik,Bildungsausländerinnen und Bildungsausländer (Männer),209
WS 2010/11,Staaten insgesamt,Bildungsausländerinnen und Bildungsausländer (Männer),6067
WS 2015/16,China,Bildungsausländerinnen und Bildungsausländer (Männer),1743
WS 2015/16,Türkei,Bildungsausländerinnen und Bildungsausländer (Männer),283
WS 2015/16,Syrien Arab. Republik,Bildungsausländerinnen und Bildungsausländer (Männer),277
WS 2015/16,Indien,Bildungsausländerinnen und Bildungsausländer (Männer),431
WS 2015/16,Iran Islamische Republik,Bildungsausländerinnen und Bildungsausländer (Männer),317
WS 2015/16,Staaten insgesamt,Bildungsausländerinnen und Bildungsausländer (Männer),8039
WS 2016/17,China,Bildungsausländerinnen und Bildungsausländer (Männer),1885
WS 2016/17,Türkei,Bildungsausländerinnen und Bildungsausländer (Männer),254
WS 2016/17,Syrien Arab. Republik,Bildungsausländerinnen und Bildungsausländer (Männer),400
WS 2016/17,Indien,Bildungsausländerinnen und Bildungsausländer (Männer),493
WS 2016/17,Iran Islamische Republik,Bildungsausländerinnen und Bildungsausländer (Männer),344
WS 2016/17,Staaten insgesamt,Bildungsausländerinnen und Bildungsausländer (Männer),8913
WS 2017/18,China,Bildungsausländerinnen und Bildungsausländer (Männer),2187
WS 2017/18,Türkei,Bildungsausländerinnen und Bildungsausländer (Männer),272
WS 2017/18,Syrien Arab. Republik,Bildungsausländerinnen und Bildungsausländer (Männer),671
WS 2017/18,Indien,Bildungsausländerinnen und Bildungsausländer (Männer),606
WS 2017/18,Iran Islamische Republik,Bildungsausländerinnen und Bildungsausländer (Männer),384
WS 2017/18,Staaten insgesamt,Bildungsausländerinnen und Bildungsausländer (Männer),10036
WS 2018/19,China,Bildungsausländerinnen und Bildungsausländer (Männer),2405
WS 2018/19,Türkei,Bildungsausländerinnen und Bildungsausländer (Männer),281
WS 2018/19,Syrien Arab. Republik,Bildungsausländerinnen und Bildungsausländer (Männer),948
WS 2018/19,Indien,Bildungsausländerinnen und Bildungsausländer (Männer),810
WS 2018/19,Iran Islamische Republik,Bildungsausländerinnen und Bildungsausländer (Männer),460
WS 2018/19,Staaten insgesamt,Bildungsausländerinnen und Bildungsausländer (Männer),11160
WS 2019/20,China,Bildungsausländerinnen und Bildungsausländer (Männer),2478
WS 2019/20,Türkei,Bildungsausländerinnen und Bildungsausländer (Männer),303
WS 2019/20,Syrien Arab. Republik,Bildungsausländerinnen und Bildungsausländer (Männer),1157
WS 2019/20,Indien,Bildungsausländerinnen und Bildungsausländer (Männer),1005
WS 2019/20,Iran Islamische Republik,Bildungsausländerinnen und Bildungsausländer (Männer),518
WS 2019/20,Staaten insgesamt,Bildungsausländerinnen und Bildungsausländer (Männer),12113
WS 2020/21,China,Bildungsausländerinnen und Bildungsausländer (Männer),2451
WS 2020/21,Türkei,Bildungsausländerinnen und Bildungsausländer (Männer),310
WS 2020/21,Syrien Arab. Republik,Bildungsausländerinnen und Bildungsausländer (Männer),1199
WS 2020/21,Indien,Bildungsausländerinnen und Bildungsausländer (Männer),1074
WS 2020/21,Iran Islamische Republik,Bildungsausländerinnen und Bildungsausländer (Männer),554
WS 2020/21,Staaten insgesamt,Bildungsausländerinnen und Bildungsausländer (Männer),12329
WS 2005/06,China,Bildungsausländerinnen und Bildungsausländer (Frauen),1331
WS 2005/06,Türkei,Bildungsausländerinnen und Bildungsausländer (Frauen),123
WS 2005/06,Syrien Arab. Republik,Bildungsausländerinnen und Bildungsausländer (Frauen),31
WS 2005/06,Indien,Bildungsausländerinnen und Bildungsausländer (Frauen),62
WS 2005/06,Iran Islamische Republik,Bildungsausländerinnen und Bildungsausländer (Frauen),114
WS 2005/06,Staaten insgesamt,Bildungsausländerinnen und Bildungsausländer (Frauen),6925
WS 2010/11,China,Bildungsausländerinnen und Bildungsausländer (Frauen),1013
WS 2010/11,Türkei,Bildungsausländerinnen und Bildungsausländer (Frauen),157
WS 2010/11,Syrien Arab. Republik,Bildungsausländerinnen und Bildungsausländer (Frauen),49
WS 2010/11,Indien,Bildungsausländerinnen und Bildungsausländer (Frauen),93
WS 2010/11,Iran Islamische Republik,Bildungsausländerinnen und Bildungsausländer (Frauen),173
WS 2010/11,Staaten insgesamt,Bildungsausländerinnen und Bildungsausländer (Frauen),5717
WS 2015/16,China,Bildungsausländerinnen und Bildungsausländer (Frauen),1373
WS 2015/16,Türkei,Bildungsausländerinnen und Bildungsausländer (Frauen),178
WS 2015/16,Syrien Arab. Republik,Bildungsausländerinnen und Bildungsausländer (Frauen),87
WS 2015/16,Indien,Bildungsausländerinnen und Bildungsausländer (Frauen),199
WS 2015/16,Iran Islamische Republik,Bildungsausländerinnen und Bildungsausländer (Frauen),276
WS 2015/16,Staaten insgesamt,Bildungsausländerinnen und Bildungsausländer (Frauen),6696
WS 2016/17,China,Bildungsausländerinnen und Bildungsausländer (Frauen),1537
WS 2016/17,Türkei,Bildungsausländerinnen und Bildungsausländer (Frauen),184
WS 2016/17,Syrien Arab. Republik,Bildungsausländerinnen und Bildungsausländer (Frauen),101
WS 2016/17,Indien,Bildungsausländerinnen und Bildungsausländer (Frauen),208
WS 2016/17,Iran Islamische Republik,Bildungsausländerinnen und Bildungsausländer (Frauen),326
WS 2016/17,Staaten insgesamt,Bildungsausländerinnen und Bildungsausländer (Frauen),7123
WS 2017/18,China,Bildungsausländerinnen und Bildungsausländer (Frauen),1672
WS 2017/18,Türkei,Bildungsausländerinnen und Bildungsausländer (Frauen),202
WS 2017/18,Syrien Arab. Republik,Bildungsausländerinnen und Bildungsausländer (Frauen),147
WS 2017/18,Indien,Bildungsausländerinnen und Bildungsausländer (Frauen),226
WS 2017/18,Iran Islamische Republik,Bildungsausländerinnen und Bildungsausländer (Frauen),366
WS 2017/18,Staaten insgesamt,Bildungsausländerinnen und Bildungsausländer (Frauen),7681
WS 2018/19,China,Bildungsausländerinnen und Bildungsausländer (Frauen),1774
WS 2018/19,Türkei,Bildungsausländerinnen und Bildungsausländer (Frauen),185
WS 2018/19,Syrien Arab. Republik,Bildungsausländerinnen und Bildungsausländer (Frauen),220
WS 2018/19,Indien,Bildungsausländerinnen und Bildungsausländer (Frauen),247
WS 2018/19,Iran Islamische Republik,Bildungsausländerinnen und Bildungsausländer (Frauen),405
WS 2018/19,Staaten insgesamt,Bildungsausländerinnen und Bildungsausländer (Frauen),8026
WS 2019/20,China,Bildungsausländerinnen und Bildungsausländer (Frauen),1780
WS 2019/20,Türkei,Bildungsausländerinnen und Bildungsausländer (Frauen),215
WS 2019/20,Syrien Arab. Republik,Bildungsausländerinnen und Bildungsausländer (Frauen),300
WS 2019/20,Indien,Bildungsausländerinnen und Bildungsausländer (Frauen),329
WS 2019/20,Iran Islamische Republik,Bildungsausländerinnen und Bildungsausländer (Frauen),456
WS 2019/20,Staaten insgesamt,Bildungsausländerinnen und Bildungsausländer (Frauen),8481
WS 2020/21,China,Bildungsausländerinnen und Bildungsausländer (Frauen),1706
WS 2020/21,Türkei,Bildungsausländerinnen und Bildungsausländer (Frauen),208
WS 2020/21,Syrien Arab. Republik,Bildungsausländerinnen und Bildungsausländer (Frauen),329
WS 2020/21,Indien,Bildungsausländerinnen und Bildungsausländer (Frauen),419
WS 2020/21,Iran Islamische Republik,Bildungsausländerinnen und Bildungsausländer (Frauen),508
WS 2020/21,Staaten insgesamt,Bildungsausländerinnen und Bildungsausländer (Frauen),8318
WS 2005/06,China,Bildungsinländerinnen und Bildungsinländer (Insgesamt),113
WS 2005/06,Türkei,Bildungsinländerinnen und Bildungsinländer (Insgesamt),686
WS 2005/06,Syrien Arab. Republik,Bildungsinländerinnen und Bildungsinländer (Insgesamt),7
WS 2005/06,Indien,Bildungsinländerinnen und Bildungsinländer (Insgesamt),14
WS 2005/06,Iran Islamische Republik,Bildungsinländerinnen und Bildungsinländer (Insgesamt),123
WS 2005/06,Staaten insgesamt,Bildungsinländerinnen und Bildungsinländer (Insgesamt),2939
WS 2010/11,China,Bildungsinländerinnen und Bildungsinländer (Insgesamt),94
WS 2010/11,Türkei,Bildungsinländerinnen und Bildungsinländer (Insgesamt),777
WS 2010/11,Syrien Arab. Republik,Bildungsinländerinnen und Bildungsinländer (Insgesamt),22
WS 2010/11,Indien,Bildungsinländerinnen und Bildungsinländer (Insgesamt),6
WS 2010/11,Iran Islamische Republik,Bildungsinländerinnen und Bildungsinländer (Insgesamt),91
WS 2010/11,Staaten insgesamt,Bildungsinländerinnen und Bildungsinländer (Insgesamt),3055
WS 2015/16,China,Bildungsinländerinnen und Bildungsinländer (Insgesamt),249
WS 2015/16,Türkei,Bildungsinländerinnen und Bildungsinländer (Insgesamt),1409
WS 2015/16,Syrien Arab. Republik,Bildungsinländerinnen und Bildungsinländer (Insgesamt),52
WS 2015/16,Indien,Bildungsinländerinnen und Bildungsinländer (Insgesamt),12
WS 2015/16,Iran Islamische Republik,Bildungsinländerinnen und Bildungsinländer (Insgesamt),85
WS 2015/16,Staaten insgesamt,Bildungsinländerinnen und Bildungsinländer (Insgesamt),4478
WS 2016/17,China,Bildungsinländerinnen und Bildungsinländer (Insgesamt),186
WS 2016/17,Türkei,Bildungsinländerinnen und Bildungsinländer (Insgesamt),1516
WS 2016/17,Syrien Arab. Republik,Bildungsinländerinnen und Bildungsinländer (Insgesamt),58
WS 2016/17,Indien,Bildungsinländerinnen und Bildungsinländer (Insgesamt),8
WS 2016/17,Iran Islamische Republik,Bildungsinländerinnen und Bildungsinländer (Insgesamt),67
WS 2016/17,Staaten insgesamt,Bildungsinländerinnen und Bildungsinländer (Insgesamt),4555
WS 2017/18,China,Bildungsinländerinnen und Bildungsinländer (Insgesamt),168
WS 2017/18,Türkei,Bildungsinländerinnen und Bildungsinländer (Insgesamt),1567
WS 2017/18,Syrien Arab. Republik,Bildungsinländerinnen und Bildungsinländer (Insgesamt),66
WS 2017/18,Indien,Bildungsinländerinnen und Bildungsinländer (Insgesamt),8
WS 2017/18,Iran Islamische Republik,Bildungsinländerinnen und Bildungsinländer (Insgesamt),60
WS 2017/18,Staaten insgesamt,Bildungsinländerinnen und Bildungsinländer (Insgesamt),4485
WS 2018/19,China,Bildungsinländerinnen und Bildungsinländer (Insgesamt),156
WS 2018/19,Türkei,Bildungsinländerinnen und Bildungsinländer (Insgesamt),1549
WS 2018/19,Syrien Arab. Republik,Bildungsinländerinnen und Bildungsinländer (Insgesamt),99
WS 2018/19,Indien,Bildungsinländerinnen und Bildungsinländer (Insgesamt),6
WS 2018/19,Iran Islamische Republik,Bildungsinländerinnen und Bildungsinländer (Insgesamt),65
WS 2018/19,Staaten insgesamt,Bildungsinländerinnen und Bildungsinländer (Insgesamt),4521
WS 2019/20,China,Bildungsinländerinnen und Bildungsinländer (Insgesamt),155
WS 2019/20,Türkei,Bildungsinländerinnen und Bildungsinländer (Insgesamt),1481
WS 2019/20,Syrien Arab. Republik,Bildungsinländerinnen und Bildungsinländer (Insgesamt),136
WS 2019/20,Indien,Bildungsinländerinnen und Bildungsinländer (Insgesamt),4
WS 2019/20,Iran Islamische Republik,Bildungsinländerinnen und Bildungsinländer (Insgesamt),58
WS 2019/20,Staaten insgesamt,Bildungsinländerinnen und Bildungsinländer (Insgesamt),4483
WS 2020/21,China,Bildungsinländerinnen und Bildungsinländer (Insgesamt),129
WS 2020/21,Türkei,Bildungsinländerinnen und Bildungsinländer (Insgesamt),1401
WS 2020/21,Syrien Arab. Republik,Bildungsinländerinnen und Bildungsinländer (Insgesamt),223
WS 2020/21,Indien,Bildungsinländerinnen und Bildungsinländer (Insgesamt),9
WS 2020/21,Iran Islamische Republik,Bildungsinländerinnen und Bildungsinländer (Insgesamt),62
WS 2020/21,Staaten insgesamt,Bildungsinländerinnen und Bildungsinländer (Insgesamt),4464
WS 2005/06,China,Bildungsinländerinnen und Bildungsinländer (Männer),64
WS 2005/06,Türkei,Bildungsinländerinnen und Bildungsinländer (Männer),403
WS 2005/06,Syrien Arab. Republik,Bildungsinländerinnen und Bildungsinländer (Männer),3
WS 2005/06,Indien,Bildungsinländerinnen und Bildungsinländer (Männer),10
WS 2005/06,Iran Islamische Republik,Bildungsinländerinnen und Bildungsinländer (Männer),77
WS 2005/06,Staaten insgesamt,Bildungsinländerinnen und Bildungsinländer (Männer),1636
WS 2010/11,China,Bildungsinländerinnen und Bildungsinländer (Männer),55
WS 2010/11,Türkei,Bildungsinländerinnen und Bildungsinländer (Männer),397
WS 2010/11,Syrien Arab. Republik,Bildungsinländerinnen und Bildungsinländer (Männer),14
WS 2010/11,Indien,Bildungsinländerinnen und Bildungsinländer (Männer),5
WS 2010/11,Iran Islamische Republik,Bildungsinländerinnen und Bildungsinländer (Männer),57
WS 2010/11,Staaten insgesamt,Bildungsinländerinnen und Bildungsinländer (Männer),1611
WS 2015/16,China,Bildungsinländerinnen und Bildungsinländer (Männer),150
WS 2015/16,Türkei,Bildungsinländerinnen und Bildungsinländer (Männer),660
WS 2015/16,Syrien Arab. Republik,Bildungsinländerinnen und Bildungsinländer (Männer),29
WS 2015/16,Indien,Bildungsinländerinnen und Bildungsinländer (Männer),8
WS 2015/16,Iran Islamische Republik,Bildungsinländerinnen und Bildungsinländer (Männer),44
WS 2015/16,Staaten insgesamt,Bildungsinländerinnen und Bildungsinländer (Männer),2210
WS 2016/17,China,Bildungsinländerinnen und Bildungsinländer (Männer),107
WS 2016/17,Türkei,Bildungsinländerinnen und Bildungsinländer (Männer),712
WS 2016/17,Syrien Arab. Republik,Bildungsinländerinnen und Bildungsinländer (Männer),32
WS 2016/17,Indien,Bildungsinländerinnen und Bildungsinländer (Männer),5
WS 2016/17,Iran Islamische Republik,Bildungsinländerinnen und Bildungsinländer (Männer),34
WS 2016/17,Staaten insgesamt,Bildungsinländerinnen und Bildungsinländer (Männer),2250
WS 2017/18,China,Bildungsinländerinnen und Bildungsinländer (Männer),100
WS 2017/18,Türkei,Bildungsinländerinnen und Bildungsinländer (Männer),746
WS 2017/18,Syrien Arab. Republik,Bildungsinländerinnen und Bildungsinländer (Männer),32
WS 2017/18,Indien,Bildungsinländerinnen und Bildungsinländer (Männer),6
WS 2017/18,Iran Islamische Republik,Bildungsinländerinnen und Bildungsinländer (Männer),29
WS 2017/18,Staaten insgesamt,Bildungsinländerinnen und Bildungsinländer (Männer),2201
WS 2018/19,China,Bildungsinländerinnen und Bildungsinländer (Männer),94
WS 2018/19,Türkei,Bildungsinländerinnen und Bildungsinländer (Männer),736
WS 2018/19,Syrien Arab. Republik,Bildungsinländerinnen und Bildungsinländer (Männer),58
WS 2018/19,Indien,Bildungsinländerinnen und Bildungsinländer (Männer),4
WS 2018/19,Iran Islamische Republik,Bildungsinländerinnen und Bildungsinländer (Männer),31
WS 2018/19,Staaten insgesamt,Bildungsinländerinnen und Bildungsinländer (Männer),2200
WS 2019/20,China,Bildungsinländerinnen und Bildungsinländer (Männer),85
WS 2019/20,Türkei,Bildungsinländerinnen und Bildungsinländer (Männer),697
WS 2019/20,Syrien Arab. Republik,Bildungsinländerinnen und Bildungsinländer (Männer),80
WS 2019/20,Indien,Bildungsinländerinnen und Bildungsinländer (Männer),3
WS 2019/20,Iran Islamische Republik,Bildungsinländerinnen und Bildungsinländer (Männer),30
WS 2019/20,Staaten insgesamt,Bildungsinländerinnen und Bildungsinländer (Männer),2153
WS 2020/21,China,Bildungsinländerinnen und Bildungsinländer (Männer),72
WS 2020/21,Türkei,Bildungsinländerinnen und Bildungsinländer (Männer),669
WS 2020/21,Syrien Arab. Republik,Bildungsinländerinnen und Bildungsinländer (Männer),137
WS 2020/21,Indien,Bildungsinländerinnen und Bildungsinländer (Männer),6
WS 2020/21,Iran Islamische Republik,Bildungsinländerinnen und Bildungsinländer (Männer),32
WS 2020/21,Staaten insgesamt,Bildungsinländerinnen und Bildungsinländer (Männer),2152
WS 2005/06,China,Bildungsinländerinnen und Bildungsinländer (Frauen),49
WS 2005/06,Türkei,Bildungsinländerinnen und Bildungsinländer (Frauen),283
WS 2005/06,Syrien Arab. Republik,Bildungsinländerinnen und Bildungsinländer (Frauen),4
WS 2005/06,Indien,Bildungsinländerinnen und Bildungsinländer (Frauen),4
WS 2005/06,Iran Islamische Republik,Bildungsinländerinnen und Bildungsinländer (Frauen),46
WS 2005/06,Staaten insgesamt,Bildungsinländerinnen und Bildungsinländer (Frauen),1303
WS 2010/11,China,Bildungsinländerinnen und Bildungsinländer (Frauen),39
WS 2010/11,Türkei,Bildungsinländerinnen und Bildungsinländer (Frauen),380
WS 2010/11,Syrien Arab. Republik,Bildungsinländerinnen und Bildungsinländer (Frauen),8
WS 2010/11,Indien,Bildungsinländerinnen und Bildungsinländer (Frauen),1
WS 2010/11,Iran Islamische Republik,Bildungsinländerinnen und Bildungsinländer (Frauen),34
WS 2010/11,Staaten insgesamt,Bildungsinländerinnen und Bildungsinländer (Frauen),1444
WS 2015/16,China,Bildungsinländerinnen und Bildungsinländer (Frauen),99
WS 2015/16,Türkei,Bildungsinländerinnen und Bildungsinländer (Frauen),749
WS 2015/16,Syrien Arab. Republik,Bildungsinländerinnen und Bildungsinländer (Frauen),23
WS 2015/16,Indien,Bildungsinländerinnen und Bildungsinländer (Frauen),4
WS 2015/16,Iran Islamische Republik,Bildungsinländerinnen und Bildungsinländer (Frauen),41
WS 2015/16,Staaten insgesamt,Bildungsinländerinnen und Bildungsinländer (Frauen),2268
WS 2016/17,China,Bildungsinländerinnen und Bildungsinländer (Frauen),79
WS 2016/17,Türkei,Bildungsinländerinnen und Bildungsinländer (Frauen),804
WS 2016/17,Syrien Arab. Republik,Bildungsinländerinnen und Bildungsinländer (Frauen),26
WS 2016/17,Indien,Bildungsinländerinnen und Bildungsinländer (Frauen),3
WS 2016/17,Iran Islamische Republik,Bildungsinländerinnen und Bildungsinländer (Frauen),33
WS 2016/17,Staaten insgesamt,Bildungsinländerinnen und Bildungsinländer (Frauen),2305
WS 2017/18,China,Bildungsinländerinnen und Bildungsinländer (Frauen),68
WS 2017/18,Türkei,Bildungsinländerinnen und Bildungsinländer (Frauen),821
WS 2017/18,Syrien Arab. Republik,Bildungsinländerinnen und Bildungsinländer (Frauen),34
WS 2017/18,Indien,Bildungsinländerinnen und Bildungsinländer (Frauen),2
WS 2017/18,Iran Islamische Republik,Bildungsinländerinnen und Bildungsinländer (Frauen),31
WS 2017/18,Staaten insgesamt,Bildungsinländerinnen und Bildungsinländer (Frauen),2284
WS 2018/19,China,Bildungsinländerinnen und Bildungsinländer (Frauen),62
WS 2018/19,Türkei,Bildungsinländerinnen und Bildungsinländer (Frauen),813
WS 2018/19,Syrien Arab. Republik,Bildungsinländerinnen und Bildungsinländer (Frauen),41
WS 2018/19,Indien,Bildungsinländerinnen und Bildungsinländer (Frauen),2
WS 2018/19,Iran Islamische Republik,Bildungsinländerinnen und Bildungsinländer (Frauen),34
WS 2018/19,Staaten insgesamt,Bildungsinländerinnen und Bildungsinländer (Frauen),2321
WS 2019/20,China,Bildungsinländerinnen und Bildungsinländer (Frauen),70
WS 2019/20,Türkei,Bildungsinländerinnen und Bildungsinländer (Frauen),784
WS 2019/20,Syrien Arab. Republik,Bildungsinländerinnen und Bildungsinländer (Frauen),65
WS 2019/20,Indien,Bildungsinländerinnen und Bildungsinländer (Frauen),1
WS 2019/20,Iran Islamische Republik,Bildungsinländerinnen und Bildungsinländer (Frauen),28
WS 2019/20,Staaten insgesamt,Bildungsinländerinnen und Bildungsinländer (Frauen),2330
WS 2020/21,China,Bildungsinländerinnen und Bildungsinländer (Frauen),57
WS 2020/21,Türkei,Bildungsinländerinnen und Bildungsinländer (Frauen),732
WS 2020/21,Syrien Arab. Republik,Bildungsinländerinnen und Bildungsinländer (Frauen),86
WS 2020/21,Indien,Bildungsinländerinnen und Bildungsinländer (Frauen),3
WS 2020/21,Iran Islamische Republik,Bildungsinländerinnen und Bildungsinländer (Frauen),30
WS 2020/21,Staaten insgesamt,Bildungsinländerinnen und Bildungsinländer (Frauen),2312
